{
  "canvasSize": 1024,
  "chains": {
    "hair_front": {
      "id": 1,
      "count": 7963,
      "top": 59,
      "bottom": 164,
      "rootX": 512.6086956521739,
      "rootY": 59
    },
    "hair_side_l": {
      "id": 2,
      "count": 10484,
      "top": 75,
      "bottom": 280,
      "rootX": 476.6363636363636,
      "rootY": 75
    },
    "hair_side_r": {
      "id": 3,
      "count": 2407,
      "top": 115,
      "bottom": 240,
      "rootX": 574.3076923076923,
      "rootY": 115
    }
  }
}